{"cameraMode":{"drawMode":0,"name":"Shaded","section":"Shading Mode"},"sceneLighting":false,"audioPlay":false,"sceneViewState":{"showFog":false,"showMaterialUpdate":true,"showSkybox":true,"showFlares":true,"showImageEffects":true,"showParticleSystems":true},"in2DMode":false,"pivot":{"x":2.037508487701416,"y":5.5022382736206059,"z":7.702450752258301},"rotation":{"x":-0.0521697960793972,"y":-0.024866748601198198,"z":0.0012993369018658996,"w":-0.9983293414115906},"size":15.49808406829834,"orthographic":false}