{"cameraMode":{"drawMode":0,"name":"Shaded","section":"Shading Mode"},"sceneLighting":false,"audioPlay":false,"sceneViewState":{"showFog":false,"showMaterialUpdate":true,"showSkybox":false,"showFlares":true,"showImageEffects":true,"showParticleSystems":true},"in2DMode":false,"pivot":{"x":1.7044727802276612,"y":4.260000228881836,"z":16.300521850585939},"rotation":{"x":0.06605969369411469,"y":0.07774495333433151,"z":-0.005162904039025307,"w":0.9947704076766968},"size":12.12435531616211,"orthographic":false}