{"cameraMode":{"drawMode":0,"name":"Shaded","section":"Shading Mode"},"sceneLighting":false,"audioPlay":false,"sceneViewState":{"showFog":false,"showMaterialUpdate":true,"showSkybox":false,"showFlares":true,"showImageEffects":true,"showParticleSystems":true},"in2DMode":false,"pivot":{"x":-2.9802322387695315e-8,"y":0.49999988079071047,"z":-2.9802322387695315e-8},"rotation":{"x":0.06605969369411469,"y":0.07774495333433151,"z":-0.005162904039025307,"w":0.9947704076766968},"size":0.8660258650779724,"orthographic":false}